revision,layer,group_family,group,n,mean_curvature,mean_entropy,mean_speed,curvature_entropy_pearson
step128,5,all,all,2478,2.101690053699284,8.240045052860609,15.987824989962327,-0.01964064734655475
step128,5,token_class,other,18,2.0864151981141834,9.033715671963161,15.114405102199978,0.13669169847770746
step128,5,token_class,punctuation,9,2.103961375024584,9.989276674058702,16.82126299540202,0.06186612663615263
step128,5,token_class,word_piece_continuation,205,2.1025719793831428,8.826027321233981,15.314077484316941,0.04306672603791926
step128,5,token_class,word_start,2246,2.1017228723740002,8.173190413167301,16.052980312575002,-0.02294403982856194
step128,5,punct_kind,contains_other_punct,18,2.0864151981141834,9.033715671963161,15.114405102199978,0.13669169847770746
step128,5,punct_kind,no_punct,2069,2.101594878199482,8.180919844396106,16.023293124125626,-0.03519884126637112
step128,5,punct_kind,other_punct_only,254,2.106348423976598,9.259651544525868,15.735904945163277,-0.005755349399170865
step128,5,punct_kind,sentence_punct_only,137,2.0964976409926033,7.138321960059396,16.033997835034,0.06467699534482721
step128,5,sentence_zone,after_sentence_13_plus,483,2.096039146616839,8.124218217581202,16.23338638526806,-0.10215970162877995
step128,5,sentence_zone,after_sentence_1_3,538,2.103733171539236,8.509337012209414,15.853210950872713,0.034068419993474416
step128,5,sentence_zone,after_sentence_4_12,842,2.100825951529795,8.25910622833602,16.051382932413784,-0.009825834340093459
step128,5,sentence_zone,sentence_punct_token,137,2.0964976409926033,7.138321960059396,16.033997835034,0.06467699534482721
step128,5,sentence_zone,unknown_before_first_boundary,478,2.1081108179052506,8.336178612010748,15.766014805398726,-0.04962933506043781
step128,5,position_bin,tok_006_019,448,2.103100486365812,8.490565273378577,15.465529314109258,-0.050413326333415026
step128,5,position_bin,tok_020_049,960,2.1010626958062253,8.25347808599472,15.990517765283585,0.0013619067068428858
step128,5,position_bin,tok_050_099,1050,2.1026710034552076,8.123663024703662,16.18829072679792,-0.022596739455563255
step128,5,position_bin,tok_100_plus,20,2.048709678649902,8.093663001060486,17.033543729782103,-0.1942593839370594
step128,5,surface_combo,other|contains_other_punct|after_sentence_13_plus|tok_020_049,1,2.076143980026245,9.053667068481445,15.244002342224121,nan
step128,5,surface_combo,other|contains_other_punct|after_sentence_13_plus|tok_050_099,4,2.0791335701942444,8.940207481384277,15.336129665374756,-0.6723797828482511
step128,5,surface_combo,other|contains_other_punct|after_sentence_1_3|tok_006_019,1,2.1018311977386475,9.185190200805664,14.83135986328125,nan
step128,5,surface_combo,other|contains_other_punct|after_sentence_1_3|tok_020_049,1,2.0712125301361084,8.984359741210938,15.713340759277344,nan
step128,5,surface_combo,other|contains_other_punct|after_sentence_1_3|tok_050_099,1,2.0463640689849854,8.940610885620117,13.666483879089355,nan
step128,5,surface_combo,other|contains_other_punct|after_sentence_4_12|tok_020_049,3,2.124635934829712,9.02180544535319,15.204774538675943,0.3834005491592649
step128,5,surface_combo,other|contains_other_punct|after_sentence_4_12|tok_050_099,3,2.0794939200083413,8.900861104329428,14.733722686767578,0.9934052461859486
step128,5,surface_combo,other|contains_other_punct|unknown_before_first_boundary|tok_006_019,3,2.0821872552235923,9.302091280619303,15.248172760009766,0.8963339063453908
step128,5,surface_combo,other|contains_other_punct|unknown_before_first_boundary|tok_020_049,1,2.0844361782073975,9.007950782775879,15.699576377868652,nan
step128,5,surface_combo,punctuation|other_punct_only|after_sentence_13_plus|tok_020_049,2,2.055830717086792,9.968324661254883,16.47659921646118,-1.0
step128,5,surface_combo,punctuation|other_punct_only|after_sentence_13_plus|tok_050_099,2,2.24721622467041,9.987700939178467,17.381683826446533,-1.0
step128,5,surface_combo,punctuation|other_punct_only|after_sentence_4_12|tok_020_049,2,2.0357794165611267,9.96268367767334,15.514300346374512,-1.0
step128,5,surface_combo,punctuation|other_punct_only|after_sentence_4_12|tok_050_099,2,2.0413594245910645,9.985490322113037,17.1879825592041,-1.0
step128,5,surface_combo,punctuation|other_punct_only|unknown_before_first_boundary|tok_020_049,1,2.175280809402466,10.095090866088867,18.270235061645508,nan
step128,5,surface_combo,word_piece_continuation|no_punct|after_sentence_13_plus|tok_020_049,19,2.081499745971278,8.889132047954359,14.873879583258377,0.056245667507622735
step128,5,surface_combo,word_piece_continuation|no_punct|after_sentence_13_plus|tok_050_099,38,2.1140997849012675,8.671891977912502,15.526854966816149,0.0268772807686757
step128,5,surface_combo,word_piece_continuation|no_punct|after_sentence_13_plus|tok_100_plus,4,2.060540020465851,8.518139481544495,16.066144466400146,-0.27953598893612974
step128,5,surface_combo,word_piece_continuation|no_punct|after_sentence_1_3|tok_006_019,5,2.087365961074829,9.408808708190918,14.399837303161622,0.6654303507923319
step128,5,surface_combo,word_piece_continuation|no_punct|after_sentence_1_3|tok_020_049,16,2.1195285320281982,8.86542809009552,15.093318283557892,0.2880737667422409
step128,5,surface_combo,word_piece_continuation|no_punct|after_sentence_1_3|tok_050_099,15,2.107848787307739,9.001082706451417,15.329639371236166,0.10387371487449745
step128,5,surface_combo,word_piece_continuation|no_punct|after_sentence_4_12|tok_006_019,4,2.1066027879714966,9.247838616371155,15.583225727081299,0.5791657611098711
step128,5,surface_combo,word_piece_continuation|no_punct|after_sentence_4_12|tok_020_049,37,2.095619849256567,8.848391030285809,15.193982356303447,0.18122490366935984
step128,5,surface_combo,word_piece_continuation|no_punct|after_sentence_4_12|tok_050_099,37,2.096920683577254,8.836265899039603,15.475441803803315,0.049906216316227034
step128,5,surface_combo,word_piece_continuation|no_punct|unknown_before_first_boundary|tok_006_019,21,2.1126648698534285,8.98266551608131,14.835277284894671,-0.0005540420326463966
step128,5,surface_combo,word_piece_continuation|no_punct|unknown_before_first_boundary|tok_020_049,9,2.1130463812086315,8.107874287499321,16.713090684678818,-0.39573188017363553
step128,5,surface_combo,word_start|no_punct|after_sentence_13_plus|tok_020_049,102,2.095494929481955,8.131455122255812,15.990214983622232,-0.1237406555760674
step128,5,surface_combo,word_start|no_punct|after_sentence_13_plus|tok_050_099,274,2.0970133081839903,7.893683610171297,16.48546233838492,-0.1519806836393419
step128,5,surface_combo,word_start|no_punct|after_sentence_13_plus|tok_100_plus,15,2.0514497836430867,7.863884862263998,17.438025665283202,-0.09749846767012763
step128,5,surface_combo,word_start|no_punct|after_sentence_1_3|tok_006_019,60,2.0974891046682993,8.41290742556254,15.626231781641643,0.08904281872667452
step128,5,surface_combo,word_start|no_punct|after_sentence_1_3|tok_020_049,175,2.093495681626456,8.14803384235927,16.068337609427317,-0.09381087401816507
step128,5,surface_combo,word_start|no_punct|after_sentence_1_3|tok_050_099,159,2.1097096369701362,8.094150189333742,16.197600592607223,0.019095159222883306
step128,5,surface_combo,word_start|no_punct|after_sentence_4_12|tok_006_019,26,2.0776132345199585,8.52177588756268,16.206766055180477,-0.30783921898919253
step128,5,surface_combo,word_start|no_punct|after_sentence_4_12|tok_020_049,288,2.1005967499481306,8.1431721482012,16.010237362649704,0.05009401585867177
step128,5,surface_combo,word_start|no_punct|after_sentence_4_12|tok_050_099,359,2.10391056139157,8.009308324965925,16.21535450236711,-0.028640156289200257
step128,5,surface_combo,word_start|no_punct|unknown_before_first_boundary|tok_006_019,258,2.1065459745798925,8.353546449380328,15.463423610657685,-0.03614840388167397
step128,5,surface_combo,word_start|no_punct|unknown_before_first_boundary|tok_020_049,148,2.112440454798776,8.052330271617786,16.453157276720614,-0.027651214252839684
step128,5,surface_combo,word_start|other_punct_only|after_sentence_13_plus|tok_020_049,7,2.076572912079947,9.388616834368024,14.631667273385185,-0.023814397923590604
step128,5,surface_combo,word_start|other_punct_only|after_sentence_13_plus|tok_050_099,14,2.119393961770194,8.64100980758667,16.620370115552628,0.2652080905807595
step128,5,surface_combo,word_start|other_punct_only|after_sentence_13_plus|tok_100_plus,1,1.9602867364883423,9.842429161071777,14.835911750793457,nan
step128,5,surface_combo,word_start|other_punct_only|after_sentence_1_3|tok_006_019,15,2.113410727183024,9.763296000162761,14.840877469380697,-0.02189908375141474
step128,5,surface_combo,word_start|other_punct_only|after_sentence_1_3|tok_020_049,47,2.1138696924169014,9.664188405300708,15.373640425661778,0.11756503966608384
step128,5,surface_combo,word_start|other_punct_only|after_sentence_1_3|tok_050_099,43,2.114280489988105,9.504406396732774,15.61055099132449,-0.08313210901592742
step128,5,surface_combo,word_start|other_punct_only|after_sentence_4_12|tok_006_019,2,2.0791553258895874,9.672223091125488,15.934326648712158,1.0
step128,5,surface_combo,word_start|other_punct_only|after_sentence_4_12|tok_020_049,33,2.100739764444756,8.864298098015063,16.313533811858207,0.25346860651074005
step128,5,surface_combo,word_start|other_punct_only|after_sentence_4_12|tok_050_099,46,2.1043902298678523,9.02547199829765,16.067194814267367,-0.04311718100979575
step128,5,surface_combo,word_start|other_punct_only|unknown_before_first_boundary|tok_006_019,29,2.095953176761496,8.968350640658674,15.340595376902613,-0.29062376371304854
step128,5,surface_combo,word_start|other_punct_only|unknown_before_first_boundary|tok_020_049,8,2.1093277037143707,8.629397988319397,15.621784210205078,0.06661874774751375
step128,5,surface_combo,word_start|sentence_punct_only|sentence_punct_token|tok_006_019,24,2.108881508310636,7.774114469687144,15.593172709147135,-0.11053447744884726
step128,5,surface_combo,word_start|sentence_punct_only|sentence_punct_token|tok_020_049,60,2.1039580782254537,7.239696137110392,16.04002502759298,0.12389432152485116
step128,5,surface_combo,word_start|sentence_punct_only|sentence_punct_token|tok_050_099,53,2.0824440740189463,6.735652698660797,16.226793523104686,-0.10186925948876241
step128,15,all,all,2478,2.086587242102604,8.240045052860609,37.52313084098194,-0.06381072500088837
step128,15,token_class,other,18,2.156567699379391,9.033715671963161,42.675612131754555,0.09552067616133655
step128,15,token_class,punctuation,9,2.0583647754457264,9.989276674058702,40.51746792263455,0.10295637659879091
step128,15,token_class,word_piece_continuation,205,2.102858212517529,8.826027321233981,38.71448404265613,-0.07072517010109716
step128,15,token_class,word_start,2246,2.084654385928904,8.173190413167301,37.361100073701444,-0.07283237373125648
step128,15,punct_kind,contains_other_punct,18,2.156567699379391,9.033715671963161,42.675612131754555,0.09552067616133655
step128,15,punct_kind,no_punct,2069,2.090901877466407,8.180919844396106,37.352763389377216,-0.08044228232258577
step128,15,punct_kind,other_punct_only,254,2.0638205174386033,9.259651544525868,38.01367294882226,-0.05834780397712573
step128,15,punct_kind,sentence_punct_only,137,2.0544421272556277,7.138321960059396,38.509611853717885,0.17635348774627935
step128,15,sentence_zone,after_sentence_13_plus,483,2.0756115886242,8.124218217581202,36.42600848511879,-0.1052282900426026
step128,15,sentence_zone,after_sentence_1_3,538,2.08903889230636,8.509337012209414,40.58123271615975,-0.06671846288480986
step128,15,sentence_zone,after_sentence_4_12,842,2.0880012522117544,8.25910622833602,37.45703166907304,-0.0858497957496125
step128,15,sentence_zone,sentence_punct_token,137,2.0544421272556277,7.138321960059396,38.509611853717885,0.17635348774627935
step128,15,sentence_zone,unknown_before_first_boundary,478,2.1016406668778744,8.336178612010748,35.02346325319681,-0.12026726909082698
step128,15,position_bin,tok_006_019,448,2.084699671449406,8.490565273378577,35.53163529719625,-0.11902353460258243
step128,15,position_bin,tok_020_049,960,2.0867000985890627,8.25347808599472,37.6078770617644,-0.04310238568733003
step128,15,position_bin,tok_050_099,1050,2.0888223523185365,8.123663024703662,38.29754596528553,-0.05804977204651897
step128,15,position_bin,tok_100_plus,20,2.0061084270477294,8.093663001060486,37.40801839828491,-0.1633144410399047
step128,15,surface_combo,other|contains_other_punct|after_sentence_13_plus|tok_020_049,1,2.027967691421509,9.053667068481445,41.266693115234375,nan
step128,15,surface_combo,other|contains_other_punct|after_sentence_13_plus|tok_050_099,4,2.100749224424362,8.940207481384277,43.87125492095947,-0.8806325197019264
step128,15,surface_combo,other|contains_other_punct|after_sentence_1_3|tok_006_019,1,2.3264734745025635,9.185190200805664,44.18098068237305,nan
step128,15,surface_combo,other|contains_other_punct|after_sentence_1_3|tok_020_049,1,2.1369903087615967,8.984359741210938,43.33268356323242,nan
step128,15,surface_combo,other|contains_other_punct|after_sentence_1_3|tok_050_099,1,2.006272554397583,8.940610885620117,36.949771881103516,nan
step128,15,surface_combo,other|contains_other_punct|after_sentence_4_12|tok_020_049,3,2.292214870452881,9.02180544535319,42.78204600016276,-0.6529611949486331
step128,15,surface_combo,other|contains_other_punct|after_sentence_4_12|tok_050_099,3,2.1415582497914634,8.900861104329428,42.401083628336586,0.6039729007408162
step128,15,surface_combo,other|contains_other_punct|unknown_before_first_boundary|tok_006_019,3,2.1469385623931885,9.302091280619303,42.57776133219401,0.5858473650383071
step128,15,surface_combo,other|contains_other_punct|unknown_before_first_boundary|tok_020_049,1,2.175382614135742,9.007950782775879,43.6631965637207,nan
step128,15,surface_combo,punctuation|other_punct_only|after_sentence_13_plus|tok_020_049,2,1.9956957697868347,9.968324661254883,39.100399017333984,-1.0
step128,15,surface_combo,punctuation|other_punct_only|after_sentence_13_plus|tok_050_099,2,2.2053138613700867,9.987700939178467,41.246564865112305,-1.0
step128,15,surface_combo,punctuation|other_punct_only|after_sentence_4_12|tok_020_049,2,2.0001420378684998,9.96268367767334,38.86859321594238,-1.0
step128,15,surface_combo,punctuation|other_punct_only|after_sentence_4_12|tok_050_099,2,1.9732147455215454,9.985490322113037,42.05918312072754,-1.0
step128,15,surface_combo,punctuation|other_punct_only|unknown_before_first_boundary|tok_020_049,1,2.1765501499176025,10.095090866088867,42.107730865478516,nan
step128,15,surface_combo,word_piece_continuation|no_punct|after_sentence_13_plus|tok_020_049,19,2.0381498148566797,8.889132047954359,37.36738285265471,-0.188423309102045
step128,15,surface_combo,word_piece_continuation|no_punct|after_sentence_13_plus|tok_050_099,38,2.1081138253211975,8.671891977912502,38.50949011350933,0.029349823713992883
step128,15,surface_combo,word_piece_continuation|no_punct|after_sentence_13_plus|tok_100_plus,4,2.0332671105861664,8.518139481544495,42.03563976287842,0.14711380419071782
step128,15,surface_combo,word_piece_continuation|no_punct|after_sentence_1_3|tok_006_019,5,2.0784007787704466,9.408808708190918,37.4439998626709,0.09920121622344659
step128,15,surface_combo,word_piece_continuation|no_punct|after_sentence_1_3|tok_020_049,16,2.1575965508818626,8.86542809009552,40.379843950271606,0.08106609978948379
step128,15,surface_combo,word_piece_continuation|no_punct|after_sentence_1_3|tok_050_099,15,2.1433043320973715,9.001082706451417,41.12389793395996,-0.2181707374305199
step128,15,surface_combo,word_piece_continuation|no_punct|after_sentence_4_12|tok_006_019,4,2.0886113345623016,9.247838616371155,39.77443790435791,0.3982855421881138
step128,15,surface_combo,word_piece_continuation|no_punct|after_sentence_4_12|tok_020_049,37,2.089968194832673,8.848391030285809,37.80056551340464,0.019921358077603896
step128,15,surface_combo,word_piece_continuation|no_punct|after_sentence_4_12|tok_050_099,37,2.0926463217348665,8.836265899039603,40.65741719426335,-0.2532732068644106
step128,15,surface_combo,word_piece_continuation|no_punct|unknown_before_first_boundary|tok_006_019,21,2.1354894127164568,8.98266551608131,34.968926111857094,-0.09120106137355945
step128,15,surface_combo,word_piece_continuation|no_punct|unknown_before_first_boundary|tok_020_049,9,2.1222354968388877,8.107874287499321,38.71547105577257,-0.4736125301477422
step128,15,surface_combo,word_start|no_punct|after_sentence_13_plus|tok_020_049,102,2.0699761661828733,8.131455122255812,35.6142941830205,-0.12266292864454938
step128,15,surface_combo,word_start|no_punct|after_sentence_13_plus|tok_050_099,274,2.080920369955745,7.893683610171297,36.07998133053745,-0.12572154681486422
step128,15,surface_combo,word_start|no_punct|after_sentence_13_plus|tok_100_plus,15,2.007116452852885,7.863884862263998,36.29661547342936,-0.11419262945105535
step128,15,surface_combo,word_start|no_punct|after_sentence_1_3|tok_006_019,60,2.0668669362862904,8.41290742556254,38.302247587839766,-0.01438893332308624
step128,15,surface_combo,word_start|no_punct|after_sentence_1_3|tok_020_049,175,2.078725384303502,8.14803384235927,40.77610997881208,-0.11550034500401878
step128,15,surface_combo,word_start|no_punct|after_sentence_1_3|tok_050_099,159,2.1082046076936543,8.094150189333742,41.903227596163,-0.018252379535926004
step128,15,surface_combo,word_start|no_punct|after_sentence_4_12|tok_006_019,26,2.0340475806823144,8.52177588756268,36.96892804365892,-0.3070826893392823
step128,15,surface_combo,word_start|no_punct|after_sentence_4_12|tok_020_049,288,2.0885716598067017,8.1431721482012,36.4663963649008,-0.026483210722031275
step128,15,surface_combo,word_start|no_punct|after_sentence_4_12|tok_050_099,359,2.095137675160485,8.009308324965925,37.68908792352278,-0.10091908505344238
step128,15,surface_combo,word_start|no_punct|unknown_before_first_boundary|tok_006_019,258,2.097319257813831,8.353546449380328,34.43766352187755,-0.10663166801952843
step128,15,surface_combo,word_start|no_punct|unknown_before_first_boundary|tok_020_049,148,2.114347254907763,8.052330271617786,35.864829566027666,-0.08912234616015804
step128,15,surface_combo,word_start|other_punct_only|after_sentence_13_plus|tok_020_049,7,2.0336866889681136,9.388616834368024,37.810861587524414,0.08895598428038079
step128,15,surface_combo,word_start|other_punct_only|after_sentence_13_plus|tok_050_099,14,2.08475113766534,8.64100980758667,36.54044778006418,0.042998096652730536
step128,15,surface_combo,word_start|other_punct_only|after_sentence_13_plus|tok_100_plus,1,1.8823533058166504,9.842429161071777,35.56857681274414,nan
step128,15,surface_combo,word_start|other_punct_only|after_sentence_1_3|tok_006_019,15,2.0573150873184205,9.763296000162761,37.156345240275066,-0.01774251096084247
step128,15,surface_combo,word_start|other_punct_only|after_sentence_1_3|tok_020_049,47,2.0734501087919193,9.664188405300708,39.393982866977126,0.080791608116093
step128,15,surface_combo,word_start|other_punct_only|after_sentence_1_3|tok_050_099,43,2.0712721292362657,9.504406396732774,40.75939839385276,-0.1273608311628575
step128,15,surface_combo,word_start|other_punct_only|after_sentence_4_12|tok_006_019,2,1.955873727798462,9.672223091125488,38.5709228515625,0.9999999999999999
step128,15,surface_combo,word_start|other_punct_only|after_sentence_4_12|tok_020_049,33,2.061261455217997,8.864298098015063,38.183730212124914,0.22387263161433327
step128,15,surface_combo,word_start|other_punct_only|after_sentence_4_12|tok_050_099,46,2.070786152196967,9.02547199829765,37.57110483750053,-0.09497445015921342
step128,15,surface_combo,word_start|other_punct_only|unknown_before_first_boundary|tok_006_019,29,2.0347245191705636,8.968350640658674,33.96137901832317,-0.4257012026210056
step128,15,surface_combo,word_start|other_punct_only|unknown_before_first_boundary|tok_020_049,8,2.1009149849414825,8.629397988319397,33.39157247543335,-0.03852180200657346
step128,15,surface_combo,word_start|sentence_punct_only|sentence_punct_token|tok_006_019,24,2.075097089012464,7.774114469687144,37.58258167902628,-0.12963092863874973
step128,15,surface_combo,word_start|sentence_punct_only|sentence_punct_token|tok_020_049,60,2.0718016147613527,7.239696137110392,38.72677545547485,0.26537685382359727
step128,15,surface_combo,word_start|sentence_punct_only|sentence_punct_token|tok_050_099,53,2.025436687019636,6.735652698660797,38.68355351574016,0.052691394086049
step512,1,all,all,2478,2.09252607302862,5.763803796248872,9.14967030743806,-0.09309277856062925
step512,1,token_class,other,18,2.095076971583896,6.76116320821974,8.776432222790188,-0.3476465632903328
step512,1,token_class,punctuation,9,2.103586263126797,7.4982153044806585,9.303297996520996,-0.5819000953822344
step512,1,token_class,word_piece_continuation,205,2.09380068197483,6.74296271277637,8.884187014509992,0.009312000790327785
step512,1,token_class,word_start,2246,2.0923449720852307,5.659489570568686,9.176277480800557,-0.10395343901024867
step512,1,punct_kind,contains_other_punct,18,2.095076971583896,6.76116320821974,8.776432222790188,-0.3476465632903328
step512,1,punct_kind,no_punct,2069,2.0936882443448783,5.855622469320166,9.201155859125357,-0.08435571133235159
step512,1,punct_kind,other_punct_only,254,2.082317893899332,6.57740216743289,8.836750332764753,-0.202469469561736
step512,1,punct_kind,sentence_punct_only,137,2.093565699827932,2.7376775898202492,9.001322516559684,-0.09533836152469356
step512,1,sentence_zone,after_sentence_13_plus,483,2.0928199404761907,5.794857618724831,9.294391838413341,-0.1225867229439448
step512,1,sentence_zone,after_sentence_1_3,538,2.0816158178127386,6.200110894818288,8.852788277275057,-0.16228875301878318
step512,1,sentence_zone,after_sentence_4_12,842,2.0947594097561053,6.001936534326744,9.186632468411588,-0.12028538378253475
step512,1,sentence_zone,sentence_punct_token,137,2.093565699827932,2.7376775898202492,9.001322516559684,-0.09533836152469356
step512,1,sentence_zone,unknown_before_first_boundary,478,2.100276869959412,5.689199841296823,9.314991522034841,0.009870186452185903
step512,1,position_bin,tok_006_019,448,2.0948333024446453,5.785797345984195,9.147399096616677,-0.06807399084706166
step512,1,position_bin,tok_020_049,960,2.0908252129952114,5.792237435219189,9.163874797026317,-0.11275026068062746
step512,1,position_bin,tok_050_099,1050,2.093474257560003,5.728479196358295,9.12653309504191,-0.08991883758206594
step512,1,position_bin,tok_100_plus,20,2.0727057278156282,5.760875105857849,9.73343358039856,-0.37729057157444695
step512,1,surface_combo,other|contains_other_punct|after_sentence_13_plus|tok_020_049,1,2.13107967376709,6.583428382873535,8.918835639953613,nan
step512,1,surface_combo,other|contains_other_punct|after_sentence_13_plus|tok_050_099,4,2.0855064392089844,6.657106161117554,8.83688473701477,0.18607638006171132
step512,1,surface_combo,other|contains_other_punct|after_sentence_1_3|tok_006_019,1,2.1056528091430664,6.79140567779541,8.646803855895996,nan
step512,1,surface_combo,other|contains_other_punct|after_sentence_1_3|tok_020_049,1,2.0669968128204346,6.874200344085693,8.972831726074219,nan
step512,1,surface_combo,other|contains_other_punct|after_sentence_1_3|tok_050_099,1,2.0654470920562744,7.300371170043945,8.102294921875,nan
step512,1,surface_combo,other|contains_other_punct|after_sentence_4_12|tok_020_049,3,2.1212263107299805,6.620251337687175,8.692083994547525,-0.6741800152145793
step512,1,surface_combo,other|contains_other_punct|after_sentence_4_12|tok_050_099,3,2.1020599206288657,6.784531593322754,8.335991064707438,-0.7666827440088965
step512,1,surface_combo,other|contains_other_punct|unknown_before_first_boundary|tok_006_019,3,2.0814122358957925,6.900874137878418,9.306797663370768,-0.2310375454289167
step512,1,surface_combo,other|contains_other_punct|unknown_before_first_boundary|tok_020_049,1,2.086087942123413,6.606136322021484,8.982856750488281,nan
step512,1,surface_combo,punctuation|other_punct_only|after_sentence_13_plus|tok_020_049,2,2.0787235498428345,7.500458717346191,9.441136837005615,-1.0000000000000002
step512,1,surface_combo,punctuation|other_punct_only|after_sentence_13_plus|tok_050_099,2,2.2586395740509033,7.306775331497192,9.703661918640137,-1.0000000000000002
step512,1,surface_combo,punctuation|other_punct_only|after_sentence_4_12|tok_020_049,2,2.049330770969391,7.545829772949219,8.998268604278564,1.0
step512,1,surface_combo,punctuation|other_punct_only|after_sentence_4_12|tok_050_099,2,2.05107581615448,7.820046901702881,9.144981384277344,-1.0
step512,1,surface_combo,punctuation|other_punct_only|unknown_before_first_boundary|tok_020_049,1,2.056736946105957,7.137716293334961,9.153584480285645,nan
step512,1,surface_combo,word_piece_continuation|no_punct|after_sentence_13_plus|tok_020_049,19,2.085849962736431,6.713063930210314,8.812346081984671,-0.02192652221703128
step512,1,surface_combo,word_piece_continuation|no_punct|after_sentence_13_plus|tok_050_099,38,2.1064868349778023,6.3073900185133285,8.893324575926128,0.046299770333004794
step512,1,surface_combo,word_piece_continuation|no_punct|after_sentence_13_plus|tok_100_plus,4,2.07878577709198,5.343415260314941,9.235020160675049,-0.753620509970748
step512,1,surface_combo,word_piece_continuation|no_punct|after_sentence_1_3|tok_006_019,5,2.096376085281372,7.616030883789063,8.515885543823241,-0.5062659574457391
step512,1,surface_combo,word_piece_continuation|no_punct|after_sentence_1_3|tok_020_049,16,2.0880971252918243,7.708710461854935,8.609572112560272,0.19792839046309338
step512,1,surface_combo,word_piece_continuation|no_punct|after_sentence_1_3|tok_050_099,15,2.076576089859009,6.943872880935669,8.610917377471925,0.0012234482851376717
step512,1,surface_combo,word_piece_continuation|no_punct|after_sentence_4_12|tok_006_019,4,2.0953032970428467,6.889557600021362,9.045096397399902,-0.07729550755486354
step512,1,surface_combo,word_piece_continuation|no_punct|after_sentence_4_12|tok_020_049,37,2.0890482889639364,6.7265609599448535,8.937128659841177,0.07918969130289577
step512,1,surface_combo,word_piece_continuation|no_punct|after_sentence_4_12|tok_050_099,37,2.0938021299001335,6.914285659790039,8.92234552228773,-0.045764744033329294
step512,1,surface_combo,word_piece_continuation|no_punct|unknown_before_first_boundary|tok_006_019,21,2.1014659064156667,6.739824953533354,8.916383788699196,0.2576452180107785
step512,1,surface_combo,word_piece_continuation|no_punct|unknown_before_first_boundary|tok_020_049,9,2.102089908387926,6.035685035917494,9.468446201748318,-0.5382331108411553
step512,1,surface_combo,word_start|no_punct|after_sentence_13_plus|tok_020_049,102,2.087143076401131,5.702203832420648,9.23090144699695,-0.22567165841324868
step512,1,surface_combo,word_start|no_punct|after_sentence_13_plus|tok_050_099,274,2.0942238464842746,5.644337591028561,9.39697319921786,-0.1653437077617544
step512,1,surface_combo,word_start|no_punct|after_sentence_13_plus|tok_100_plus,15,2.0771481513977053,5.765258375803629,9.954156239827475,-0.31474931463688344
step512,1,surface_combo,word_start|no_punct|after_sentence_1_3|tok_006_019,60,2.0802695870399477,5.916373880704244,9.03528839747111,-0.34311374791794325
step512,1,surface_combo,word_start|no_punct|after_sentence_1_3|tok_020_049,175,2.079916640009199,5.854783973693848,8.991311874389648,-0.16000346101414165
step512,1,surface_combo,word_start|no_punct|after_sentence_1_3|tok_050_099,159,2.0884227737690666,5.719740111123091,8.914617784368167,-0.0623848075279064
step512,1,surface_combo,word_start|no_punct|after_sentence_4_12|tok_006_019,26,2.07881498336792,5.939398407936096,9.444737067589394,-0.3681451904003205
step512,1,surface_combo,word_start|no_punct|after_sentence_4_12|tok_020_049,288,2.0958965478671923,5.918323862055938,9.25766291220983,-0.08887344634374053
step512,1,surface_combo,word_start|no_punct|after_sentence_4_12|tok_050_099,359,2.09827560236195,5.833672218875632,9.214478061059724,-0.13411039482429052
step512,1,surface_combo,word_start|no_punct|unknown_before_first_boundary|tok_006_019,258,2.100244175556094,5.685965563206709,9.236927708914113,0.013548907292471839
step512,1,surface_combo,word_start|no_punct|unknown_before_first_boundary|tok_020_049,148,2.1018685513251536,5.46720261992635,9.55663528313508,0.04228817248840227
step512,1,surface_combo,word_start|other_punct_only|after_sentence_13_plus|tok_020_049,7,2.0846052169799805,6.763596739087786,8.578730310712542,0.71767155529179
step512,1,surface_combo,word_start|other_punct_only|after_sentence_13_plus|tok_050_099,14,2.089590838977269,5.580350228718349,9.30085631779262,-0.09237210771054329
step512,1,surface_combo,word_start|other_punct_only|after_sentence_13_plus|tok_100_plus,1,1.981749176979065,7.364965438842773,8.416247367858887,nan
step512,1,surface_combo,word_start|other_punct_only|after_sentence_1_3|tok_006_019,15,2.0715613762537637,8.052685324350993,8.515152009328206,-0.11813843734858887
step512,1,surface_combo,word_start|other_punct_only|after_sentence_1_3|tok_020_049,47,2.0738297802336674,7.306131738297482,8.566367382698871,-0.3531451349541764
step512,1,surface_combo,word_start|other_punct_only|after_sentence_1_3|tok_050_099,43,2.0750443935394287,6.882076551747876,8.470096832097964,-0.4582857990163118
step512,1,surface_combo,word_start|other_punct_only|after_sentence_4_12|tok_006_019,2,2.039794683456421,6.216754198074341,8.852661609649658,-1.0
step512,1,surface_combo,word_start|other_punct_only|after_sentence_4_12|tok_020_049,33,2.0808398868098403,6.217059857917555,9.14696353854555,-0.11571038784132393
step512,1,surface_combo,word_start|other_punct_only|after_sentence_4_12|tok_050_099,46,2.0885745701582534,6.078879636266957,8.945001228995945,-0.047384416899955255
step512,1,surface_combo,word_start|other_punct_only|unknown_before_first_boundary|tok_006_019,29,2.096622812336889,5.895541996791445,9.053187140103045,-0.19033314061238674
step512,1,surface_combo,word_start|other_punct_only|unknown_before_first_boundary|tok_020_049,8,2.094260573387146,5.2547173500061035,9.24965500831604,0.00029582527465410636
step512,1,surface_combo,word_start|sentence_punct_only|sentence_punct_token|tok_006_019,24,2.10242161154747,3.1995025475819907,9.028369943300882,-0.24794219733480444
step512,1,surface_combo,word_start|sentence_punct_only|sentence_punct_token|tok_020_049,60,2.098740369081497,2.8588715543349585,9.05202076435089,-0.028956038325994114
step512,1,surface_combo,word_start|sentence_punct_only|sentence_punct_token|tok_050_099,53,2.0836973595169357,2.3913485925152616,8.93168038242268,-0.21773393204404562
step512,5,all,all,2478,2.0538086975361667,5.763803796248872,16.949707084360192,-0.08300011154397643
step512,5,token_class,other,18,2.09347888496187,6.76116320821974,16.793485323588055,-0.3406757300951476
step512,5,token_class,punctuation,9,2.0765338473849826,7.4982153044806585,16.69394408331977,-0.6531856234816118
step512,5,token_class,word_piece_continuation,205,2.063260912313694,6.74296271277637,16.947716336134004,-0.015502925852894795
step512,5,token_class,word_start,2246,2.0525369728025535,5.659489570568686,16.95216566053545,-0.10213659558909995
step512,5,punct_kind,contains_other_punct,18,2.09347888496187,6.76116320821974,16.793485323588055,-0.3406757300951476
step512,5,punct_kind,no_punct,2069,2.0541602711910323,5.855622469320166,17.033037732337743,-0.05736169975204344
step512,5,punct_kind,other_punct_only,254,2.0434201294042933,6.57740216743289,16.37412452697754,-0.23090848200840122
step512,5,punct_kind,sentence_punct_only,137,2.062547581039206,2.7376775898202492,16.778895774897,-0.08600339608479918
step512,5,sentence_zone,after_sentence_13_plus,483,2.0555266556532485,5.794857618724831,17.18914016384022,-0.0784224637911986
step512,5,sentence_zone,after_sentence_1_3,538,2.0422353795469914,6.200110894818288,16.73443377150922,-0.11643311618846267
step512,5,sentence_zone,after_sentence_4_12,842,2.0575186525274627,6.001936534326744,16.971439187147272,-0.0788315270567391
step512,5,sentence_zone,sentence_punct_token,137,2.062547581039206,2.7376775898202492,16.778895774897,-0.08600339608479918
step512,5,sentence_zone,unknown_before_first_boundary,478,2.056059036793569,5.689199841296823,16.960739686399325,-0.001741676129518295
step512,5,position_bin,tok_006_019,448,2.0475121856267964,5.785797345984195,16.613152423075267,-0.08002087283059942
step512,5,position_bin,tok_020_049,960,2.0548650439828635,5.792237435219189,16.988330834110577,-0.07448009996334272
step512,5,position_bin,tok_050_099,1050,2.056046008041927,5.728479196358295,17.0433792250497,-0.08700237225383066
step512,5,position_bin,tok_100_plus,20,2.026687133312225,5.760875105857849,17.716804122924806,-0.3856293189470988
step512,5,surface_combo,other|contains_other_punct|after_sentence_13_plus|tok_020_049,1,2.1089441776275635,6.583428382873535,17.290185928344727,nan
step512,5,surface_combo,other|contains_other_punct|after_sentence_13_plus|tok_050_099,4,2.097412496805191,6.657106161117554,17.294787406921387,0.3571901425498758
step512,5,surface_combo,other|contains_other_punct|after_sentence_1_3|tok_006_019,1,2.0770959854125977,6.79140567779541,16.365976333618164,nan
step512,5,surface_combo,other|contains_other_punct|after_sentence_1_3|tok_020_049,1,2.067255973815918,6.874200344085693,18.274520874023438,nan
step512,5,surface_combo,other|contains_other_punct|after_sentence_1_3|tok_050_099,1,2.0593390464782715,7.300371170043945,14.808096885681152,nan
step512,5,surface_combo,other|contains_other_punct|after_sentence_4_12|tok_020_049,3,2.126533269882202,6.620251337687175,16.545401255289715,-0.8446790401813734
step512,5,surface_combo,other|contains_other_punct|after_sentence_4_12|tok_050_099,3,2.119490146636963,6.784531593322754,15.896662394205729,-0.6792142369972315
step512,5,surface_combo,other|contains_other_punct|unknown_before_first_boundary|tok_006_019,3,2.0553901195526123,6.900874137878418,16.850900332132976,-0.43571548795389214
step512,5,surface_combo,other|contains_other_punct|unknown_before_first_boundary|tok_020_049,1,2.076094150543213,6.606136322021484,18.48591423034668,nan
step512,5,surface_combo,punctuation|other_punct_only|after_sentence_13_plus|tok_020_049,2,2.022262394428253,7.500458717346191,16.323115348815918,1.0
step512,5,surface_combo,punctuation|other_punct_only|after_sentence_13_plus|tok_050_099,2,2.1861926317214966,7.306775331497192,17.473203659057617,-1.0
step512,5,surface_combo,punctuation|other_punct_only|after_sentence_4_12|tok_020_049,2,2.104098677635193,7.545829772949219,16.93552303314209,1.0
step512,5,surface_combo,punctuation|other_punct_only|after_sentence_4_12|tok_050_099,2,1.9769137501716614,7.820046901702881,16.21906566619873,-1.0
step512,5,surface_combo,punctuation|other_punct_only|unknown_before_first_boundary|tok_020_049,1,2.1098697185516357,7.137716293334961,16.34368133544922,nan
step512,5,surface_combo,word_piece_continuation|no_punct|after_sentence_13_plus|tok_020_049,19,2.0472874327709802,6.713063930210314,16.893511470995453,0.05267544664504224
step512,5,surface_combo,word_piece_continuation|no_punct|after_sentence_13_plus|tok_050_099,38,2.078744411468506,6.3073900185133285,17.220916923723724,0.08377683800406807
step512,5,surface_combo,word_piece_continuation|no_punct|after_sentence_13_plus|tok_100_plus,4,2.0246128141880035,5.343415260314941,17.81184196472168,0.08878083989285887
step512,5,surface_combo,word_piece_continuation|no_punct|after_sentence_1_3|tok_006_019,5,2.075922060012817,7.616030883789063,16.23319721221924,-0.5470669162354762
step512,5,surface_combo,word_piece_continuation|no_punct|after_sentence_1_3|tok_020_049,16,2.0616172403097153,7.708710461854935,16.472896337509155,-0.0408787401604872
step512,5,surface_combo,word_piece_continuation|no_punct|after_sentence_1_3|tok_050_099,15,2.0541667620340984,6.943872880935669,16.9572421391805,0.1949111038345529
step512,5,surface_combo,word_piece_continuation|no_punct|after_sentence_4_12|tok_006_019,4,2.051840126514435,6.889557600021362,16.579711437225342,0.28530268089526317
step512,5,surface_combo,word_piece_continuation|no_punct|after_sentence_4_12|tok_020_049,37,2.068738157684739,6.7265609599448535,16.733134785213984,-0.08067846041137619
step512,5,surface_combo,word_piece_continuation|no_punct|after_sentence_4_12|tok_050_099,37,2.056530291969712,6.914285659790039,17.11018281369596,-0.18478611420678656
step512,5,surface_combo,word_piece_continuation|no_punct|unknown_before_first_boundary|tok_006_019,21,2.052289775439671,6.739824953533354,16.617066928318568,0.21951820903986677
step512,5,surface_combo,word_piece_continuation|no_punct|unknown_before_first_boundary|tok_020_049,9,2.095657878451877,6.035685035917494,17.899106449551052,-0.720874867906738
step512,5,surface_combo,word_start|no_punct|after_sentence_13_plus|tok_020_049,102,2.045403911786921,5.702203832420648,17.009877139446782,-0.115253610913848
step512,5,surface_combo,word_start|no_punct|after_sentence_13_plus|tok_050_099,274,2.0565189140556503,5.644337591028561,17.276972864666124,-0.12115623121385152
step512,5,surface_combo,word_start|no_punct|after_sentence_13_plus|tok_100_plus,15,2.0324840625127156,5.765258375803629,17.711134465535483,-0.35873518614890565
step512,5,surface_combo,word_start|no_punct|after_sentence_1_3|tok_006_019,60,2.0281277259190875,5.916373880704244,16.405780903498332,-0.29512178668962574
step512,5,surface_combo,word_start|no_punct|after_sentence_1_3|tok_020_049,175,2.041333874974932,5.854783973693848,16.978311473301478,-0.032606817148458755
step512,5,surface_combo,word_start|no_punct|after_sentence_1_3|tok_050_099,159,2.049355872022281,5.719740111123091,17.1180339369384,-0.09813015979264711
step512,5,surface_combo,word_start|no_punct|after_sentence_4_12|tok_006_019,26,2.039233780824221,5.939398407936096,16.84454114620502,-0.2966220383898432
step512,5,surface_combo,word_start|no_punct|after_sentence_4_12|tok_020_049,288,2.060647037294176,5.918323862055938,16.969533334175747,-0.02804079174336725
step512,5,surface_combo,word_start|no_punct|after_sentence_4_12|tok_050_099,359,2.058158437521677,5.833672218875632,17.086436497467805,-0.11708481093743822
step512,5,surface_combo,word_start|no_punct|unknown_before_first_boundary|tok_006_019,258,2.050825546878253,5.685965563206709,16.70925980575325,0.019790822286068068
step512,5,surface_combo,word_start|no_punct|unknown_before_first_boundary|tok_020_049,148,2.062415548273035,5.46720261992635,17.46612168002773,0.005356344721155031
step512,5,surface_combo,word_start|other_punct_only|after_sentence_13_plus|tok_020_049,7,2.0631597893578664,6.763596739087786,16.65273121425084,0.6263607761157136
step512,5,surface_combo,word_start|other_punct_only|after_sentence_13_plus|tok_050_099,14,2.0657056399754117,5.580350228718349,16.651280743735178,-0.26374036633002096
step512,5,surface_combo,word_start|other_punct_only|after_sentence_13_plus|tok_100_plus,1,1.9480304718017578,7.364965438842773,17.42169761657715,nan
step512,5,surface_combo,word_start|other_punct_only|after_sentence_1_3|tok_006_019,15,2.0262985388437906,8.052685324350993,15.745874277750652,-0.42893500301980947
step512,5,surface_combo,word_start|other_punct_only|after_sentence_1_3|tok_020_049,47,2.027932123934969,7.306131738297482,16.113807657931712,-0.32145329716949084
step512,5,surface_combo,word_start|other_punct_only|after_sentence_1_3|tok_050_099,43,2.0433719158172607,6.882076551747876,15.900697286738906,-0.4842708647266848
step512,5,surface_combo,word_start|other_punct_only|after_sentence_4_12|tok_006_019,2,1.9681557416915894,6.216754198074341,16.782989501953125,1.0
step512,5,surface_combo,word_start|other_punct_only|after_sentence_4_12|tok_020_049,33,2.04197988726876,6.217059857917555,16.959154389121316,-0.13499218982399422
step512,5,surface_combo,word_start|other_punct_only|after_sentence_4_12|tok_050_099,46,2.043507941391157,6.078879636266957,16.420921387879744,0.018592769976305344
step512,5,surface_combo,word_start|other_punct_only|unknown_before_first_boundary|tok_006_019,29,2.0570425946137,5.895541996791445,16.619022402270087,-0.2525560317498124
step512,5,surface_combo,word_start|other_punct_only|unknown_before_first_boundary|tok_020_049,8,2.0600439608097076,5.2547173500061035,16.734277725219727,0.3013690729093678
step512,5,surface_combo,word_start|sentence_punct_only|sentence_punct_token|tok_006_019,24,2.0646407902240753,3.1995025475819907,16.430444757143658,-0.3092472884137302
step512,5,surface_combo,word_start|sentence_punct_only|sentence_punct_token|tok_020_049,60,2.0699715852737426,2.8588715543349585,16.86034722328186,0.007825641086760784
step512,5,surface_combo,word_start|sentence_punct_only|sentence_punct_token|tok_050_099,53,2.0531951796333745,2.3913485925152616,16.84447572816093,-0.13174100280858528
step2000,5,all,all,2478,2.0294281625766923,4.301429087685495,37.43746285134501,0.06731932867693613
step2000,5,token_class,other,18,2.074948032697042,4.6953103343645735,37.42544428507487,-0.24415881558986902
step2000,5,token_class,punctuation,9,2.057568987210592,4.871255189180374,38.77721065945096,-0.06465830833023557
step2000,5,token_class,word_piece_continuation,205,2.0461318772013595,4.424455370990241,38.63618039387028,0.07312657411322629
step2000,5,token_class,word_start,2246,2.027425986894623,4.284760038072338,37.32277964017058,0.06485222143529788
step2000,5,punct_kind,contains_other_punct,18,2.074948032697042,4.6953103343645735,37.42544428507487,-0.24415881558986902
step2000,5,punct_kind,no_punct,2069,2.0281073564259313,4.211117510676182,37.326684758189565,0.08126360904921733
step2000,5,punct_kind,other_punct_only,254,2.033812922755564,5.023805135699708,37.91403420515886,-0.05932054037656024
step2000,5,punct_kind,sentence_punct_only,137,2.035265105484176,4.27428510371786,38.22846347224103,-0.02876580725134206
step2000,5,sentence_zone,after_sentence_13_plus,483,2.023537575581553,3.9691190221896453,36.72963600079712,0.05532226088123604
step2000,5,sentence_zone,after_sentence_1_3,538,2.039649756646068,4.6029127293636805,38.381130902740594,0.08036309287418963
step2000,5,sentence_zone,after_sentence_4_12,842,2.026724226967456,4.3042469943459905,37.05132357128442,0.04944461680692967
step2000,5,sentence_zone,sentence_punct_token,137,2.035265105484176,4.27428510371786,38.22846347224103,-0.02876580725134206
step2000,5,sentence_zone,unknown_before_first_boundary,478,2.026965795451128,4.300704424101937,37.54405102270916,0.052825888663803056
step2000,5,position_bin,tok_006_019,448,2.0286710342126235,4.434566300561918,38.01858658024243,0.060554951745038915
step2000,5,position_bin,tok_020_049,960,2.0304481465369464,4.398473639429237,37.66563519835472,0.05595681507277436
step2000,5,position_bin,tok_050_099,1050,2.0294658582551137,4.165737055603947,37.01397408803304,0.0691876549386702
step2000,5,position_bin,tok_100_plus,20,1.9954495847225189,3.7848487198352814,35.70117874145508,0.3703195886895089
step2000,5,surface_combo,other|contains_other_punct|after_sentence_13_plus|tok_020_049,1,2.089902639389038,4.983218669891357,37.94099426269531,nan
step2000,5,surface_combo,other|contains_other_punct|after_sentence_13_plus|tok_050_099,4,2.079061269760132,4.469789296388626,37.55126190185547,-0.5930373551293602
step2000,5,surface_combo,other|contains_other_punct|after_sentence_1_3|tok_006_019,1,2.1080100536346436,5.211623191833496,39.96975326538086,nan
step2000,5,surface_combo,other|contains_other_punct|after_sentence_1_3|tok_020_049,1,2.0594141483306885,4.379486083984375,37.38979721069336,nan
step2000,5,surface_combo,other|contains_other_punct|after_sentence_1_3|tok_050_099,1,2.0402612686157227,4.892292022705078,36.26436996459961,nan
step2000,5,surface_combo,other|contains_other_punct|after_sentence_4_12|tok_020_049,3,2.083385785420736,4.159616788228353,37.57363637288412,0.5257799344437704
step2000,5,surface_combo,other|contains_other_punct|after_sentence_4_12|tok_050_099,3,2.095921357472738,4.801888624827067,36.52651596069336,-0.9177119839162041
step2000,5,surface_combo,other|contains_other_punct|unknown_before_first_boundary|tok_006_019,3,2.0487913290659585,4.935904026031494,37.85292180379232,0.5828788083981754
step2000,5,surface_combo,other|contains_other_punct|unknown_before_first_boundary|tok_020_049,1,2.050935983657837,5.477580547332764,36.028812408447266,nan
step2000,5,surface_combo,punctuation|other_punct_only|after_sentence_13_plus|tok_020_049,2,2.010353982448578,5.894976377487183,39.062713623046875,-1.0
step2000,5,surface_combo,punctuation|other_punct_only|after_sentence_13_plus|tok_050_099,2,2.0868587493896484,1.193308487534523,37.99969673156738,-1.0
step2000,5,surface_combo,punctuation|other_punct_only|after_sentence_4_12|tok_020_049,2,2.1030890941619873,6.805532932281494,39.38466453552246,0.9999999999999998
step2000,5,surface_combo,punctuation|other_punct_only|after_sentence_4_12|tok_050_099,2,2.0078548192977905,4.5093032121658325,38.20223617553711,1.0
step2000,5,surface_combo,punctuation|other_punct_only|unknown_before_first_boundary|tok_020_049,1,2.1018075942993164,7.035054683685303,39.69627380371094,nan
step2000,5,surface_combo,word_piece_continuation|no_punct|after_sentence_13_plus|tok_020_049,19,2.0407176645178544,4.167068625751295,39.262427279823704,-0.14591372391164895
step2000,5,surface_combo,word_piece_continuation|no_punct|after_sentence_13_plus|tok_050_099,38,2.0488363033846806,3.095675886657677,38.229990908974095,0.20030307045998397
step2000,5,surface_combo,word_piece_continuation|no_punct|after_sentence_13_plus|tok_100_plus,4,2.0200626254081726,3.9394283294677734,38.727789878845215,0.2704539931229879
step2000,5,surface_combo,word_piece_continuation|no_punct|after_sentence_1_3|tok_006_019,5,2.0617265701293945,5.798064136505127,40.03795318603515,-0.13844209584501901
step2000,5,surface_combo,word_piece_continuation|no_punct|after_sentence_1_3|tok_020_049,16,2.064945876598358,5.5362599939107895,39.104310274124146,-0.5100829873595194
step2000,5,surface_combo,word_piece_continuation|no_punct|after_sentence_1_3|tok_050_099,15,2.060583790143331,4.891325086355209,39.27264582316081,0.09138088160913534
step2000,5,surface_combo,word_piece_continuation|no_punct|after_sentence_4_12|tok_006_019,4,2.011922687292099,4.848118901252747,36.55405044555664,-0.20362966655101378
step2000,5,surface_combo,word_piece_continuation|no_punct|after_sentence_4_12|tok_020_049,37,2.0452044010162354,4.939898732546213,38.268256728713574,0.09465108345917851
step2000,5,surface_combo,word_piece_continuation|no_punct|after_sentence_4_12|tok_050_099,37,2.0405863555702,4.387547820605136,38.15282852585251,0.2380912361696346
step2000,5,surface_combo,word_piece_continuation|no_punct|unknown_before_first_boundary|tok_006_019,21,2.041157018570673,4.677272575242179,39.66874640328543,-0.024750294677682912
step2000,5,surface_combo,word_piece_continuation|no_punct|unknown_before_first_boundary|tok_020_049,9,2.0449554787741766,4.530507902304332,38.33240000406901,-0.4251040524427201
step2000,5,surface_combo,word_start|no_punct|after_sentence_13_plus|tok_020_049,102,2.024649997552236,4.095341055124414,37.073988521800324,0.13770784542445616
step2000,5,surface_combo,word_start|no_punct|after_sentence_13_plus|tok_050_099,274,2.0183644821173954,3.9602207191370047,36.19878710447437,0.02488673876422191
step2000,5,surface_combo,word_start|no_punct|after_sentence_13_plus|tok_100_plus,15,1.9834091742833455,3.6779451449712117,34.46467946370443,0.37619446420393005
step2000,5,surface_combo,word_start|no_punct|after_sentence_1_3|tok_006_019,60,2.035512952009837,4.573657274246216,38.494668070475264,-0.17213176250878187
step2000,5,surface_combo,word_start|no_punct|after_sentence_1_3|tok_020_049,175,2.031115973336356,4.38330059502806,38.673373740059986,0.18432832618089937
step2000,5,surface_combo,word_start|no_punct|after_sentence_1_3|tok_050_099,159,2.0433079664062404,4.2927516702586,37.97554537935077,0.21744102636730112
step2000,5,surface_combo,word_start|no_punct|after_sentence_4_12|tok_006_019,26,2.0121372021161594,4.246302132423107,37.08203609173115,-0.009801972935561183
step2000,5,surface_combo,word_start|no_punct|after_sentence_4_12|tok_020_049,288,2.028382569551468,4.323540103000899,37.0740837653478,0.03851337214068173
step2000,5,surface_combo,word_start|no_punct|after_sentence_4_12|tok_050_099,359,2.0233731970481554,4.082545490245384,36.691107970426344,0.0037161688389853193
step2000,5,surface_combo,word_start|no_punct|unknown_before_first_boundary|tok_006_019,258,2.0254546403884888,4.286254275676816,37.68094322293304,0.11978431842078376
step2000,5,surface_combo,word_start|no_punct|unknown_before_first_boundary|tok_020_049,148,2.0235791810460992,4.031614468307109,36.76092375935735,-0.015729226291672303
step2000,5,surface_combo,word_start|other_punct_only|after_sentence_13_plus|tok_020_049,7,2.051873173032488,5.2464428288596014,38.914405822753906,0.6453996564572778
step2000,5,surface_combo,word_start|other_punct_only|after_sentence_13_plus|tok_050_099,14,2.0228849223681857,4.856301120349339,36.64133153642927,-0.09170376298104106
step2000,5,surface_combo,word_start|other_punct_only|after_sentence_13_plus|tok_100_plus,1,2.077603578567505,4.770083904266357,42.1422233581543,nan
step2000,5,surface_combo,word_start|other_punct_only|after_sentence_1_3|tok_006_019,15,2.030771517753601,5.549419464667638,38.99764709472656,-0.12039707517660295
step2000,5,surface_combo,word_start|other_punct_only|after_sentence_1_3|tok_020_049,47,2.0412224252173243,5.234134826254337,38.85937402603474,-0.4480910598115912
step2000,5,surface_combo,word_start|other_punct_only|after_sentence_1_3|tok_050_099,43,2.046658000280691,5.0617001223009686,37.057874369066816,0.01985776129004942
step2000,5,surface_combo,word_start|other_punct_only|after_sentence_4_12|tok_006_019,2,2.0106270909309387,2.8789591193199158,36.68398094177246,-0.9999999999999999
step2000,5,surface_combo,word_start|other_punct_only|after_sentence_4_12|tok_020_049,33,2.0134288542198413,5.059217366305265,37.699880195386484,0.10206640726400905
step2000,5,surface_combo,word_start|other_punct_only|after_sentence_4_12|tok_050_099,46,2.025541515454002,4.700531634947528,37.2804999973463,0.16999467566277915
step2000,5,surface_combo,word_start|other_punct_only|unknown_before_first_boundary|tok_006_019,29,2.0349730540966164,5.156287045314394,38.61225614876583,-0.29044185529616595
step2000,5,surface_combo,word_start|other_punct_only|unknown_before_first_boundary|tok_020_049,8,2.0313001722097397,4.6692754328250885,37.08522081375122,-0.04188524638338174
step2000,5,surface_combo,word_start|sentence_punct_only|sentence_punct_token|tok_006_019,24,2.035788799325625,3.785517394542694,38.57350651423136,0.017909128246180555
step2000,5,surface_combo,word_start|sentence_punct_only|sentence_punct_token|tok_020_049,60,2.03239285548528,4.296258349219958,38.314279301961264,-0.06811801872433304
step2000,5,surface_combo,word_start|sentence_punct_only|sentence_punct_token|tok_050_099,53,2.038279564875477,4.4707385054174456,37.975067570524395,0.006304715238543588
step8000,5,all,all,2478,2.0212074503771618,4.027456648826683,61.22618437390639,0.14039156669870456
step8000,5,token_class,other,18,2.0398628446790905,5.094994518491957,62.0885738796658,-0.5023838381286925
step8000,5,token_class,punctuation,9,2.0447079473071628,3.8420013371441097,63.51854493882921,0.29164521172417707
step8000,5,token_class,word_piece_continuation,205,2.0422301135412075,3.9615953664954118,65.6073640404678,0.1510766064374578
step8000,5,token_class,word_start,2246,2.0190449626129436,4.025655659970529,60.81020214423896,0.1420567522422714
step8000,5,punct_kind,contains_other_punct,18,2.0398628446790905,5.094994518491957,62.0885738796658,-0.5023838381286925
step8000,5,punct_kind,no_punct,2069,2.0183481945975386,3.9078091903386656,60.9148148785126,0.1508430099970955
step8000,5,punct_kind,other_punct_only,254,2.032320038070829,4.62710231912183,62.259357917965865,-0.011269378247082735
step8000,5,punct_kind,sentence_punct_only,137,2.0413345002779995,4.582382997022058,63.89972010146092,-0.07089020748173273
step8000,5,sentence_zone,after_sentence_13_plus,483,2.0107817341328653,3.5399337223351126,60.359307449056494,0.15273563746687044
step8000,5,sentence_zone,after_sentence_1_3,538,2.031767824768577,4.318024752973181,62.465290828265225,0.10164534082459112
step8000,5,sentence_zone,after_sentence_4_12,842,2.019229728932052,3.9492756237636484,60.69967759646599,0.1384556232164439
step8000,5,sentence_zone,sentence_punct_token,137,2.0413345002779995,4.582382997022058,63.89972010146092,-0.07089020748173273
step8000,5,sentence_zone,unknown_before_first_boundary,478,2.017571415113106,4.1717065376654325,60.868666788524166,0.11165681289809555
step8000,5,position_bin,tok_006_019,448,2.021661433790411,4.347925258916803,62.123429604939055,0.11309947698107745
step8000,5,position_bin,tok_020_049,960,2.023159746080637,4.171031242191869,61.55647353331248,0.14305113627706895
step8000,5,position_bin,tok_050_099,1050,2.0197800688516527,3.7720758310971516,60.60327698117211,0.13915048527036203
step8000,5,position_bin,tok_100_plus,20,1.992265558242798,3.364872232079506,57.97664966583252,0.2406767340213537
step8000,5,surface_combo,other|contains_other_punct|after_sentence_13_plus|tok_020_049,1,2.0133543014526367,5.688991546630859,60.116485595703125,nan
step8000,5,surface_combo,other|contains_other_punct|after_sentence_13_plus|tok_050_099,4,2.0524408519268036,4.651223301887512,62.44039058685303,-0.9052170020520869
step8000,5,surface_combo,other|contains_other_punct|after_sentence_1_3|tok_006_019,1,2.0984301567077637,4.508465766906738,70.03050994873047,nan
step8000,5,surface_combo,other|contains_other_punct|after_sentence_1_3|tok_020_049,1,2.0309524536132812,4.733181476593018,57.3887825012207,nan
step8000,5,surface_combo,other|contains_other_punct|after_sentence_1_3|tok_050_099,1,2.044457197189331,4.955245494842529,63.43733215332031,nan
step8000,5,surface_combo,other|contains_other_punct|after_sentence_4_12|tok_020_049,3,2.019548694292704,4.714223861694336,62.05868403116862,0.8089727687557233
step8000,5,surface_combo,other|contains_other_punct|after_sentence_4_12|tok_050_099,3,2.0662638346354165,5.18641980489095,62.18696848551432,-0.4218218128406709
step8000,5,surface_combo,other|contains_other_punct|unknown_before_first_boundary|tok_006_019,3,2.0220707257588706,6.138090451558431,62.21719868977865,-0.6048033227219085
step8000,5,surface_combo,other|contains_other_punct|unknown_before_first_boundary|tok_020_049,1,1.9969239234924316,5.102921485900879,57.47110366821289,nan
step8000,5,surface_combo,punctuation|other_punct_only|after_sentence_13_plus|tok_020_049,2,1.9913198351860046,3.109417736530304,62.20004844665527,-1.0
step8000,5,surface_combo,punctuation|other_punct_only|after_sentence_13_plus|tok_050_099,2,2.047903537750244,0.24412544816732407,61.44260597229004,1.0
step8000,5,surface_combo,punctuation|other_punct_only|after_sentence_4_12|tok_020_049,2,2.1018528938293457,6.778518199920654,66.83919143676758,1.0
step8000,5,surface_combo,punctuation|other_punct_only|after_sentence_4_12|tok_050_099,2,1.978624701499939,4.012484908103943,62.09324836730957,1.0
step8000,5,surface_combo,punctuation|other_punct_only|unknown_before_first_boundary|tok_020_049,1,2.1629695892333984,6.288919448852539,66.51671600341797,nan
step8000,5,surface_combo,word_piece_continuation|no_punct|after_sentence_13_plus|tok_020_049,19,2.0423722580859534,3.492985097985519,67.89528676083214,0.1028391755299453
step8000,5,surface_combo,word_piece_continuation|no_punct|after_sentence_13_plus|tok_050_099,38,2.036428002934707,2.660825546242689,65.40837850068745,0.28276834836350245
step8000,5,surface_combo,word_piece_continuation|no_punct|after_sentence_13_plus|tok_100_plus,4,2.0239224433898926,3.557635724544525,64.5784158706665,0.16801617827457196
step8000,5,surface_combo,word_piece_continuation|no_punct|after_sentence_1_3|tok_006_019,5,2.060670328140259,5.847412872314453,68.80490493774414,-0.053957483185131036
step8000,5,surface_combo,word_piece_continuation|no_punct|after_sentence_1_3|tok_020_049,16,2.0626923218369484,5.026981890201569,64.75808525085449,-0.15264657535202916
step8000,5,surface_combo,word_piece_continuation|no_punct|after_sentence_1_3|tok_050_099,15,2.0697104056676228,4.277504769961039,67.23625055948894,-0.026130688159765027
step8000,5,surface_combo,word_piece_continuation|no_punct|after_sentence_4_12|tok_006_019,4,1.9818399548530579,5.175498723983765,59.5461368560791,0.21884439006581555
step8000,5,surface_combo,word_piece_continuation|no_punct|after_sentence_4_12|tok_020_049,37,2.0491195433848612,4.416648078609157,65.73043462392447,0.0490112505819387
step8000,5,surface_combo,word_piece_continuation|no_punct|after_sentence_4_12|tok_050_099,37,2.0287372550448857,3.545925527408316,64.03508253355284,0.20010722399130002
step8000,5,surface_combo,word_piece_continuation|no_punct|unknown_before_first_boundary|tok_006_019,21,2.042253335316976,4.69577815986815,66.95355787731353,0.11867256017374325
step8000,5,surface_combo,word_piece_continuation|no_punct|unknown_before_first_boundary|tok_020_049,9,2.036075578795539,4.739834864934285,64.60400984022353,-0.18488128534812465
step8000,5,surface_combo,word_start|no_punct|after_sentence_13_plus|tok_020_049,102,2.011162826827928,3.9165806698740697,60.878097608977676,0.30342371280952685
step8000,5,surface_combo,word_start|no_punct|after_sentence_13_plus|tok_050_099,274,2.0037603809015594,3.4626502825939744,58.91607572736531,0.11693265498298273
step8000,5,surface_combo,word_start|no_punct|after_sentence_13_plus|tok_100_plus,15,1.9781201680501301,3.3266501784324647,55.55848744710286,0.29220870009689
step8000,5,surface_combo,word_start|no_punct|after_sentence_1_3|tok_006_019,60,2.024410613377889,4.507805041472117,62.717253875732425,-0.18072917167227362
step8000,5,surface_combo,word_start|no_punct|after_sentence_1_3|tok_020_049,175,2.0249307189668926,4.101082956620625,62.17288358415876,0.17945350864257076
step8000,5,surface_combo,word_start|no_punct|after_sentence_1_3|tok_050_099,159,2.032781301054565,4.078862110586287,61.81784155983595,0.30840294111763095
step8000,5,surface_combo,word_start|no_punct|after_sentence_4_12|tok_006_019,26,2.004836756449479,3.7282440662384033,59.980488557081955,0.0518257195069902
step8000,5,surface_combo,word_start|no_punct|after_sentence_4_12|tok_020_049,288,2.020247323645486,4.048635151683508,60.839076121648155,0.18279776566757489
step8000,5,surface_combo,word_start|no_punct|after_sentence_4_12|tok_050_099,359,2.0140065691929343,3.7402024855240557,59.52315527615773,0.0687239978857724
step8000,5,surface_combo,word_start|no_punct|unknown_before_first_boundary|tok_006_019,258,2.0155601302782693,4.154750265556482,61.14157580590063,0.15245371432102725
step8000,5,surface_combo,word_start|no_punct|unknown_before_first_boundary|tok_020_049,148,2.0096276338035994,3.7883552739245667,58.787038803100586,-0.023244559362479874
step8000,5,surface_combo,word_start|other_punct_only|after_sentence_13_plus|tok_020_049,7,2.050636955669948,4.57630363532475,65.90646035330636,0.5427129122885122
step8000,5,surface_combo,word_start|other_punct_only|after_sentence_13_plus|tok_050_099,14,2.024853825569153,4.551425235612052,60.52888488769531,-0.08295633580487864
step8000,5,surface_combo,word_start|other_punct_only|after_sentence_13_plus|tok_100_plus,1,2.0778188705444336,3.167149066925049,67.8420181274414,nan
step8000,5,surface_combo,word_start|other_punct_only|after_sentence_1_3|tok_006_019,15,2.022922913233439,4.931362112363179,64.3109837849935,-0.053798573576960426
step8000,5,surface_combo,word_start|other_punct_only|after_sentence_1_3|tok_020_049,47,2.0326580849099667,4.834214488242535,62.92515320473529,-0.286716576753571
step8000,5,surface_combo,word_start|other_punct_only|after_sentence_1_3|tok_050_099,43,2.038294229396554,4.585899304511935,61.21624578431595,-0.13627948288604544
step8000,5,surface_combo,word_start|other_punct_only|after_sentence_4_12|tok_006_019,2,2.024712920188904,3.0013949871063232,57.622785568237305,-1.0
step8000,5,surface_combo,word_start|other_punct_only|after_sentence_4_12|tok_020_049,33,2.019272410508358,4.909353360985264,62.11501982717803,0.21683324551947286
step8000,5,surface_combo,word_start|other_punct_only|after_sentence_4_12|tok_050_099,46,2.0281351960223652,4.021815371254216,61.391683080922,0.12428583247314919
step8000,5,surface_combo,word_start|other_punct_only|unknown_before_first_boundary|tok_006_019,29,2.0469069110936133,5.344636629367697,63.219566345214844,0.015039499880878417
step8000,5,surface_combo,word_start|other_punct_only|unknown_before_first_boundary|tok_020_049,8,2.020165830850601,4.425393283367157,61.09334754943848,-0.2350843231735624
step8000,5,surface_combo,word_start|sentence_punct_only|sentence_punct_token|tok_006_019,24,2.0442988524834314,4.254228234291077,65.66868019104004,-0.3468972147328429
step8000,5,surface_combo,word_start|sentence_punct_only|sentence_punct_token|tok_020_049,60,2.0398267169793445,4.917770862579346,63.32564805348714,0.024760177932537788
step8000,5,surface_combo,word_start|sentence_punct_only|sentence_punct_token|tok_050_099,53,2.041699076598545,4.351297004042931,63.74857445482938,-0.05041033781972147
step143000,4,all,all,2478,2.0210601544553373,3.5161419636419584,35.42742274132729,0.1856655324120252
step143000,4,token_class,other,18,2.0476787421438427,4.201513687769572,34.58537822299533,-0.25179620002384095
step143000,4,token_class,punctuation,9,2.038011484675937,3.3043180339866214,37.766014946831596,0.3582232635493006
step143000,4,token_class,word_piece_continuation,205,2.0370684042209533,3.2908548479854334,38.76662429251322,0.15180034509390647
step143000,4,token_class,word_start,2246,2.0193177734436145,3.532060745049878,35.120019871107935,0.19347277189803805
step143000,4,punct_kind,contains_other_punct,18,2.0476787421438427,4.201513687769572,34.58537822299533,-0.25179620002384095
step143000,4,punct_kind,no_punct,2069,2.0178768110482688,3.390712356424871,35.19224009138193,0.1865983047372873
step143000,4,punct_kind,other_punct_only,254,2.03047191017256,4.09727863970352,36.55642255647915,0.03887492680172679
step143000,4,punct_kind,sentence_punct_only,137,2.048188745540424,4.24291897516181,36.99664720131533,0.15332137945107285
step143000,4,sentence_zone,after_sentence_13_plus,483,2.009823609336316,2.956027613499628,35.136181312071365,0.16794075436842762
step143000,4,sentence_zone,after_sentence_1_3,538,2.0295250008097367,3.8615574481062676,36.361985444136266,0.16683783658154341
step143000,4,sentence_zone,after_sentence_4_12,842,2.0191167954028075,3.3357010437595944,35.20268268313374,0.16212393423763746
step143000,4,sentence_zone,sentence_punct_token,137,2.048188745540424,4.24291897516181,36.99664720131533,0.15332137945107285
step143000,4,sentence_zone,unknown_before_first_boundary,478,2.0185347471277084,3.802887788829569,34.61596302208043,0.15834146137213478
step143000,4,position_bin,tok_006_019,448,2.0247435833194425,4.009235064033419,35.29450964501926,0.17479616928680794
step143000,4,position_bin,tok_020_049,960,2.0212531074881555,3.6445938043956025,35.74388432105382,0.1562284677996196
step143000,4,position_bin,tok_050_099,1050,2.0200485111418223,3.202553357397694,35.233057826814196,0.21035213967920155
step143000,4,position_bin,tok_100_plus,20,1.9824008762836456,2.7685699865221975,33.418678283691406,0.23787376577442737
step143000,4,surface_combo,other|contains_other_punct|after_sentence_13_plus|tok_020_049,1,2.0278828144073486,3.374300003051758,32.74899673461914,nan
step143000,4,surface_combo,other|contains_other_punct|after_sentence_13_plus|tok_050_099,4,2.0810969471931458,3.8173239827156067,34.98266887664795,-0.8974952789856748
step143000,4,surface_combo,other|contains_other_punct|after_sentence_1_3|tok_006_019,1,2.0866317749023438,5.2011590003967285,39.40943908691406,nan
step143000,4,surface_combo,other|contains_other_punct|after_sentence_1_3|tok_020_049,1,2.0410354137420654,4.255970001220703,31.43914222717285,nan
step143000,4,surface_combo,other|contains_other_punct|after_sentence_1_3|tok_050_099,1,2.017286539077759,4.54615592956543,36.80398178100586,nan
step143000,4,surface_combo,other|contains_other_punct|after_sentence_4_12|tok_020_049,3,2.027916113535563,3.3895680904388428,34.02104059855143,0.8813427092327772
step143000,4,surface_combo,other|contains_other_punct|after_sentence_4_12|tok_050_099,3,2.069773515065511,3.5741049448649087,36.91938145955404,-0.7891334017278698
step143000,4,surface_combo,other|contains_other_punct|unknown_before_first_boundary|tok_006_019,3,2.0365106662114463,5.836773077646892,32.937479654947914,0.9688198273064661
step143000,4,surface_combo,other|contains_other_punct|unknown_before_first_boundary|tok_020_049,1,1.9583921432495117,4.57902717590332,30.57086753845215,nan
step143000,4,surface_combo,punctuation|other_punct_only|after_sentence_13_plus|tok_020_049,2,1.9915478825569153,2.97559654712677,36.76188659667969,-1.0
step143000,4,surface_combo,punctuation|other_punct_only|after_sentence_13_plus|tok_050_099,2,2.0424219369888306,0.21490515768527985,39.62845993041992,1.0000000000000002
step143000,4,surface_combo,punctuation|other_punct_only|after_sentence_4_12|tok_020_049,2,2.0582330226898193,5.998002767562866,38.80897521972656,0.9999999999999999
step143000,4,surface_combo,punctuation|other_punct_only|after_sentence_4_12|tok_050_099,2,1.9829603433609009,2.623613715171814,36.31504249572754,1.0
step143000,4,surface_combo,punctuation|other_punct_only|unknown_before_first_boundary|tok_020_049,1,2.191776990890503,6.114625930786133,36.86540603637695,nan
step143000,4,surface_combo,word_piece_continuation|no_punct|after_sentence_13_plus|tok_020_049,19,2.0439085019262215,2.8223392790869664,41.19507478412829,0.06673954922472576
step143000,4,surface_combo,word_piece_continuation|no_punct|after_sentence_13_plus|tok_050_099,38,2.021038315798107,2.1337153829242053,38.764063584177116,0.2291372861978563
step143000,4,surface_combo,word_piece_continuation|no_punct|after_sentence_13_plus|tok_100_plus,4,1.9925576150417328,3.11369052529335,37.10556697845459,-0.13223667475430095
step143000,4,surface_combo,word_piece_continuation|no_punct|after_sentence_1_3|tok_006_019,5,2.079598903656006,5.779729795455933,40.27237548828125,0.18679520775186975
step143000,4,surface_combo,word_piece_continuation|no_punct|after_sentence_1_3|tok_020_049,16,2.055019974708557,4.537346199154854,37.84633708000183,0.12310210041254874
step143000,4,surface_combo,word_piece_continuation|no_punct|after_sentence_1_3|tok_050_099,15,2.074656287829081,3.4388968737175065,39.77171300252279,0.07859798179368942
step143000,4,surface_combo,word_piece_continuation|no_punct|after_sentence_4_12|tok_006_019,4,1.960019201040268,3.813944935798645,34.02999544143677,-0.663361079074491
step143000,4,surface_combo,word_piece_continuation|no_punct|after_sentence_4_12|tok_020_049,37,2.044335645598334,3.5998182876690015,38.94591460356841,0.01838558859143525
step143000,4,surface_combo,word_piece_continuation|no_punct|after_sentence_4_12|tok_050_099,37,2.027521429835139,2.9640279708279147,37.83121871948242,0.12652318035007393
step143000,4,surface_combo,word_piece_continuation|no_punct|unknown_before_first_boundary|tok_006_019,21,2.039512180146717,4.006816402787254,39.12218838646298,0.22802670067308395
step143000,4,surface_combo,word_piece_continuation|no_punct|unknown_before_first_boundary|tok_020_049,9,2.0298191176520453,3.5693304273817272,37.89733759562174,-0.19938616079384558
step143000,4,surface_combo,word_start|no_punct|after_sentence_13_plus|tok_020_049,102,2.0127691977164326,3.3111494913989423,35.458033374711576,0.29069281687833337
step143000,4,surface_combo,word_start|no_punct|after_sentence_13_plus|tok_050_099,274,2.003462166681777,2.8748700320278804,34.03791708145698,0.12986599801460041
step143000,4,surface_combo,word_start|no_punct|after_sentence_13_plus|tok_100_plus,15,1.9760178724924724,2.6824351608753205,32.157431030273436,0.40306486261846947
step143000,4,surface_combo,word_start|no_punct|after_sentence_1_3|tok_006_019,60,2.0314566016197206,4.16173067788283,36.06090577443441,-0.00887340801174281
step143000,4,surface_combo,word_start|no_punct|after_sentence_1_3|tok_020_049,175,2.020808767591204,3.6877832307772977,36.05354079110282,0.2165858051991075
step143000,4,surface_combo,word_start|no_punct|after_sentence_1_3|tok_050_099,159,2.033040405069507,3.5877444435777903,35.884138155283416,0.3900820235807523
step143000,4,surface_combo,word_start|no_punct|after_sentence_4_12|tok_006_019,26,2.0123824293796835,3.265842914581299,34.511307129493126,0.08964147938971931
step143000,4,surface_combo,word_start|no_punct|after_sentence_4_12|tok_020_049,288,2.0189209460384316,3.4914513762988566,35.12866410281923,0.1860954707796047
step143000,4,surface_combo,word_start|no_punct|after_sentence_4_12|tok_050_099,359,2.014748913996067,3.1445535676745817,34.44860342551739,0.1494230622372455
step143000,4,surface_combo,word_start|no_punct|unknown_before_first_boundary|tok_006_019,258,2.0168129750924515,3.823775752801304,34.45260640077813,0.17149814552861498
step143000,4,surface_combo,word_start|no_punct|unknown_before_first_boundary|tok_020_049,148,2.0088554129407212,3.4032053887542033,33.72529959034275,0.04895929053866899
step143000,4,surface_combo,word_start|other_punct_only|after_sentence_13_plus|tok_020_049,7,2.03312691620418,4.141115117285933,39.52739443097796,-0.07199512630322391
step143000,4,surface_combo,word_start|other_punct_only|after_sentence_13_plus|tok_050_099,14,2.0399912680898393,4.158590333802359,35.81431143624442,-0.10273779272095368
step143000,4,surface_combo,word_start|other_punct_only|after_sentence_13_plus|tok_100_plus,1,2.0375189781188965,2.680110216140747,37.5898323059082,nan
step143000,4,surface_combo,word_start|other_punct_only|after_sentence_1_3|tok_006_019,15,2.019412040710449,4.624238296349843,37.775437418619795,-0.31072909016738837
step143000,4,surface_combo,word_start|other_punct_only|after_sentence_1_3|tok_020_049,47,2.0212506664560195,4.38321825449771,37.12038157848602,-0.21115548096286027
step143000,4,surface_combo,word_start|other_punct_only|after_sentence_1_3|tok_050_099,43,2.029512128164602,3.942857578743336,36.31919053543446,-0.038382823823684346
step143000,4,surface_combo,word_start|other_punct_only|after_sentence_4_12|tok_006_019,2,2.0349042415618896,2.570024162530899,33.465274810791016,-0.9999999999999999
step143000,4,surface_combo,word_start|other_punct_only|after_sentence_4_12|tok_020_049,33,2.01799476146698,4.198001657471512,36.349609432798445,0.1935917891848959
step143000,4,surface_combo,word_start|other_punct_only|after_sentence_4_12|tok_050_099,46,2.032444046891254,3.2475910760138347,35.931523157202676,0.27671382902228353
step143000,4,surface_combo,word_start|other_punct_only|unknown_before_first_boundary|tok_006_019,29,2.0541441111729064,5.167615545207057,36.32112121582031,0.05133889024991456
step143000,4,surface_combo,word_start|other_punct_only|unknown_before_first_boundary|tok_020_049,8,2.035406529903412,4.1549849808216095,35.51378893852234,0.08201396670710885
step143000,4,surface_combo,word_start|sentence_punct_only|sentence_punct_token|tok_006_019,24,2.05595330397288,4.150578459103902,36.58646742502848,0.33088419679556125
step143000,4,surface_combo,word_start|sentence_punct_only|sentence_punct_token|tok_020_049,60,2.0427606403827667,4.362438074747721,36.99152059555054,0.08283485574710614
step143000,4,surface_combo,word_start|sentence_punct_only|sentence_punct_token|tok_050_099,53,2.0508177437872255,4.149428907430397,37.1881926914431,0.22736705658192552
step143000,5,all,all,2478,2.008528377184279,3.5161419636419584,38.2504601051386,0.17810564555025155
step143000,5,token_class,other,18,2.0426531632741294,4.201513687769572,37.74247392018636,-0.35661627678881563
step143000,5,token_class,punctuation,9,2.0107038153542414,3.3043180339866214,40.37265268961588,0.34731615262125803
step143000,5,token_class,word_piece_continuation,205,2.0268634546093827,3.2908548479854334,41.75103776513076,0.1563513573130994
step143000,5,token_class,word_start,2246,2.0065726710554754,3.532060745049878,37.92651780672829,0.1849884368951735
step143000,5,punct_kind,contains_other_punct,18,2.0426531632741294,4.201513687769572,37.74247392018636,-0.35661627678881563
step143000,5,punct_kind,no_punct,2069,2.0051774092490344,3.390712356424871,37.944520660850266,0.17611601323945691
step143000,5,punct_kind,other_punct_only,254,2.018133161574837,4.09727863970352,39.684256088076616,0.06091905630388078
step143000,5,punct_kind,sentence_punct_only,137,2.0368443718791878,4.24291897516181,40.2792796810178,0.13365099256428734
step143000,5,sentence_zone,after_sentence_13_plus,483,1.9976800744331153,2.956027613499628,38.03599120272366,0.18048360911629804
step143000,5,sentence_zone,after_sentence_1_3,538,2.0193415217683217,3.8615574481062676,39.34391698872733,0.1658261954344488
step143000,5,sentence_zone,after_sentence_4_12,842,2.005419463839497,3.3357010437595944,37.925302713897054,0.13932231041501136
step143000,5,sentence_zone,sentence_punct_token,137,2.0368443718791878,4.24291897516181,40.2792796810178,0.13365099256428734
step143000,5,sentence_zone,unknown_before_first_boundary,478,2.0046804110874192,3.802887788829569,37.227746544522724,0.14667999730764383
step143000,5,position_bin,tok_006_019,448,2.011579692363739,4.009235064033419,38.12245656337057,0.16597773465098295
step143000,5,position_bin,tok_020_049,960,2.0086224769552548,3.6445938043956025,38.53943087855975,0.14384301051245973
step143000,5,position_bin,tok_050_099,1050,2.007501318227677,3.202553357397694,38.078847254798525,0.21035951341824125
step143000,5,position_bin,tok_100_plus,20,1.9895827233791352,2.7685699865221975,36.256816959381105,0.33427539368212855
step143000,5,surface_combo,other|contains_other_punct|after_sentence_13_plus|tok_020_049,1,2.02557373046875,3.374300003051758,36.663578033447266,nan
step143000,5,surface_combo,other|contains_other_punct|after_sentence_13_plus|tok_050_099,4,2.0760068893432617,3.8173239827156067,39.043434143066406,-0.9676697955024846
step143000,5,surface_combo,other|contains_other_punct|after_sentence_1_3|tok_006_019,1,2.0898256301879883,5.2011590003967285,42.491451263427734,nan
step143000,5,surface_combo,other|contains_other_punct|after_sentence_1_3|tok_020_049,1,2.0160415172576904,4.255970001220703,33.74870681762695,nan
step143000,5,surface_combo,other|contains_other_punct|after_sentence_1_3|tok_050_099,1,2.003497362136841,4.54615592956543,39.42983627319336,nan
step143000,5,surface_combo,other|contains_other_punct|after_sentence_4_12|tok_020_049,3,2.0471650759379068,3.3895680904388428,37.37772750854492,0.6154847971686063
step143000,5,surface_combo,other|contains_other_punct|after_sentence_4_12|tok_050_099,3,2.0589213371276855,3.5741049448649087,39.5549685160319,-0.7409807362632989
step143000,5,surface_combo,other|contains_other_punct|unknown_before_first_boundary|tok_006_019,3,2.013477365175883,5.836773077646892,36.04498799641927,0.9981463022547247
step143000,5,surface_combo,other|contains_other_punct|unknown_before_first_boundary|tok_020_049,1,1.9700998067855835,4.57902717590332,31.924169540405273,nan
step143000,5,surface_combo,punctuation|other_punct_only|after_sentence_13_plus|tok_020_049,2,1.9575932621955872,2.97559654712677,39.54099655151367,-1.0
step143000,5,surface_combo,punctuation|other_punct_only|after_sentence_13_plus|tok_050_099,2,2.018631398677826,0.21490515768527985,42.70981216430664,1.0
step143000,5,surface_combo,punctuation|other_punct_only|after_sentence_4_12|tok_020_049,2,2.0338906049728394,5.998002767562866,41.62263870239258,1.0
step143000,5,surface_combo,punctuation|other_punct_only|after_sentence_4_12|tok_050_099,2,1.9494627118110657,2.623613715171814,38.170860290527344,1.0
step143000,5,surface_combo,punctuation|other_punct_only|unknown_before_first_boundary|tok_020_049,1,2.177178382873535,6.114625930786133,39.2652587890625,nan
step143000,5,surface_combo,word_piece_continuation|no_punct|after_sentence_13_plus|tok_020_049,19,2.0294770002365112,2.8223392790869664,43.93284606933594,0.2594244998426433
step143000,5,surface_combo,word_piece_continuation|no_punct|after_sentence_13_plus|tok_050_099,38,2.004299693985989,2.1337153829242053,41.79607913368627,0.2648425994095198
step143000,5,surface_combo,word_piece_continuation|no_punct|after_sentence_13_plus|tok_100_plus,4,2.011962056159973,3.11369052529335,40.275824546813965,-0.13615906018220938
step143000,5,surface_combo,word_piece_continuation|no_punct|after_sentence_1_3|tok_006_019,5,2.077903461456299,5.779729795455933,43.41480407714844,0.019695602219568325
step143000,5,surface_combo,word_piece_continuation|no_punct|after_sentence_1_3|tok_020_049,16,2.0463483408093452,4.537346199154854,41.5705509185791,0.1030409011876344
step143000,5,surface_combo,word_piece_continuation|no_punct|after_sentence_1_3|tok_050_099,15,2.0636193831761678,3.4388968737175065,43.11499226888021,0.15073717802635694
step143000,5,surface_combo,word_piece_continuation|no_punct|after_sentence_4_12|tok_006_019,4,1.9600752592086792,3.813944935798645,37.20501232147217,-0.7421863049984001
step143000,5,surface_combo,word_piece_continuation|no_punct|after_sentence_4_12|tok_020_049,37,2.034261932244172,3.5998182876690015,41.763990969271276,-0.04904211556557313
step143000,5,surface_combo,word_piece_continuation|no_punct|after_sentence_4_12|tok_050_099,37,2.0208937702952205,2.9640279708279147,41.00486961570946,0.07105837222362121
step143000,5,surface_combo,word_piece_continuation|no_punct|unknown_before_first_boundary|tok_006_019,21,2.0289360398337957,4.006816402787254,41.71645137241909,0.13306628408781893
step143000,5,surface_combo,word_piece_continuation|no_punct|unknown_before_first_boundary|tok_020_049,9,2.0179564687940807,3.5693304273817272,39.84925248887804,-0.28643470250875014
step143000,5,surface_combo,word_start|no_punct|after_sentence_13_plus|tok_020_049,102,1.9998269957654617,3.3111494913989423,38.254862822738346,0.3126554571260489
step143000,5,surface_combo,word_start|no_punct|after_sentence_13_plus|tok_050_099,274,1.9910136765807214,2.8748700320278804,36.90978742167898,0.11586890687987128
step143000,5,surface_combo,word_start|no_punct|after_sentence_13_plus|tok_100_plus,15,1.9826317230860393,2.6824351608753205,34.88505465189616,0.4470847682816017
step143000,5,surface_combo,word_start|no_punct|after_sentence_1_3|tok_006_019,60,2.0179291983445484,4.16173067788283,39.01184819539388,-0.05190343295113611
step143000,5,surface_combo,word_start|no_punct|after_sentence_1_3|tok_020_049,175,2.0119454867499216,3.6877832307772977,38.95160900660924,0.22461709373265293
step143000,5,surface_combo,word_start|no_punct|after_sentence_1_3|tok_050_099,159,2.022854520839715,3.5877444435777903,38.61247854412726,0.37951543258102277
step143000,5,surface_combo,word_start|no_punct|after_sentence_4_12|tok_006_019,26,1.9964673060637255,3.265842914581299,37.44075041550856,0.057764289725232246
step143000,5,surface_combo,word_start|no_punct|after_sentence_4_12|tok_020_049,288,2.0058438608215914,3.4914513762988566,37.85672391123242,0.15394551365908002
step143000,5,surface_combo,word_start|no_punct|after_sentence_4_12|tok_050_099,359,1.9991716043530732,3.1445535676745817,37.07791472411089,0.13101791161617482
step143000,5,surface_combo,word_start|no_punct|unknown_before_first_boundary|tok_006_019,258,2.002721306889556,3.823775752801304,37.14476575777512,0.17368917501896008
step143000,5,surface_combo,word_start|no_punct|unknown_before_first_boundary|tok_020_049,148,1.9942534380667918,3.4032053887542033,36.09833391292675,0.02594679830629753
step143000,5,surface_combo,word_start|other_punct_only|after_sentence_13_plus|tok_020_049,7,2.012992637498038,4.141115117285933,42.93803678240095,-0.16653639236339676
step143000,5,surface_combo,word_start|other_punct_only|after_sentence_13_plus|tok_050_099,14,2.0336621488843645,4.158590333802359,39.29209845406668,-0.05173656577554671
step143000,5,surface_combo,word_start|other_punct_only|after_sentence_13_plus|tok_100_plus,1,2.0043303966522217,2.680110216140747,40.75722122192383,nan
step143000,5,surface_combo,word_start|other_punct_only|after_sentence_1_3|tok_006_019,15,2.0099982976913453,4.624238296349843,41.036399332682294,-0.3518058172406609
step143000,5,surface_combo,word_start|other_punct_only|after_sentence_1_3|tok_020_049,47,2.0056039500743785,4.38321825449771,40.56620780457842,-0.17764728530924603
step143000,5,surface_combo,word_start|other_punct_only|after_sentence_1_3|tok_050_099,43,2.023198876270028,3.942857578743336,39.61965844797533,0.008941060541067674
step143000,5,surface_combo,word_start|other_punct_only|after_sentence_4_12|tok_006_019,2,2.0469186305999756,2.570024162530899,37.24041557312012,0.9999999999999999
step143000,5,surface_combo,word_start|other_punct_only|after_sentence_4_12|tok_020_049,33,2.003990863308762,4.198001657471512,39.011270985458836,0.13999518256861823
step143000,5,surface_combo,word_start|other_punct_only|after_sentence_4_12|tok_050_099,46,2.0190834143887395,3.2475910760138347,38.748516331548274,0.3525767426093174
step143000,5,surface_combo,word_start|other_punct_only|unknown_before_first_boundary|tok_006_019,29,2.0428482664042504,5.167615545207057,39.332124644312366,-0.015901444483567402
step143000,5,surface_combo,word_start|other_punct_only|unknown_before_first_boundary|tok_020_049,8,2.023256927728653,4.1549849808216095,39.28938817977905,0.1907156945568405
step143000,5,surface_combo,word_start|sentence_punct_only|sentence_punct_token|tok_006_019,24,2.043648282686869,4.150578459103902,39.92150719960531,0.38744438583391794
step143000,5,surface_combo,word_start|sentence_punct_only|sentence_punct_token|tok_020_049,60,2.0275973796844484,4.362438074747721,40.08908478418986,0.06272756923536801
step143000,5,surface_combo,word_start|sentence_punct_only|sentence_punct_token|tok_050_099,53,2.044231648715037,4.149428907430397,40.656604838821124,0.197135139359327
